id,name,model_id:id,group_id:id,perm_read,perm_write,perm_create,perm_unlink
access_pappaya_fees_collection_group_pappaya_national_level_officer,pappaya.fees.collection,model_pappaya_fees_collection,pappaya_core.group_pappaya_national_level_officer,1,1,1,0
access_pappaya_fees_collection_group_pappaya_national_level_fin_admin,pappaya.fees.collection,model_pappaya_fees_collection,pappaya_core.group_pappaya_national_level_fin_admin,1,1,1,0
access_pappaya_fees_collection_group_pappaya_national_level_it_admin,pappaya.fees.collection,model_pappaya_fees_collection,pappaya_core.group_pappaya_national_level_it_admin,1,0,0,0
access_pappaya_fees_collection_group_pappaya_state_level_officer,pappaya.fees.collection,model_pappaya_fees_collection,pappaya_core.group_pappaya_state_level_officer,1,1,1,0
access_pappaya_fees_collection_group_pappaya_state_level_fin_admin,pappaya.fees.collection,model_pappaya_fees_collection,pappaya_core.group_pappaya_state_level_fin_admin,1,1,1,0
access_pappaya_fees_collection_group_pappaya_state_level_it_admin,pappaya.fees.collection,model_pappaya_fees_collection,pappaya_core.group_pappaya_state_level_it_admin,1,0,0,0
access_pappaya_fees_collection_group_pappaya_school_level_officer,pappaya.fees.collection,model_pappaya_fees_collection,pappaya_core.group_pappaya_school_level_officer,1,1,1,0
access_pappaya_fees_collection_group_pappaya_school_level_fin_admin,pappaya.fees.collection,model_pappaya_fees_collection,pappaya_core.group_pappaya_school_level_fin_admin,1,1,1,0
access_pappaya_fees_collection_group_pappaya_school_level_it_admin,pappaya.fees.collection,model_pappaya_fees_collection,pappaya_core.group_pappaya_school_level_it_admin,1,0,0,0
,,,,,,,
access_student_fees_collection_group_pappaya_national_level_officer,student.fees.collection,model_student_fees_collection,pappaya_core.group_pappaya_national_level_officer,1,1,1,0
access_student_fees_collection_group_pappaya_national_level_fin_admin,student.fees.collection,model_student_fees_collection,pappaya_core.group_pappaya_national_level_fin_admin,1,1,1,0
access_student_fees_collection_group_pappaya_national_level_it_admin,student.fees.collection,model_student_fees_collection,pappaya_core.group_pappaya_national_level_it_admin,1,0,0,0
access_student_fees_collection_group_pappaya_state_level_officer,student.fees.collection,model_student_fees_collection,pappaya_core.group_pappaya_state_level_officer,1,1,1,0
access_student_fees_collection_group_pappaya_state_level_fin_admin,student.fees.collection,model_student_fees_collection,pappaya_core.group_pappaya_state_level_fin_admin,1,1,1,0
access_student_fees_collection_group_pappaya_state_level_it_admin,student.fees.collection,model_student_fees_collection,pappaya_core.group_pappaya_state_level_it_admin,1,0,0,0
access_student_fees_collection_group_pappaya_school_level_officer,student.fees.collection,model_student_fees_collection,pappaya_core.group_pappaya_school_level_officer,1,1,1,0
access_student_fees_collection_group_pappaya_school_level_fin_admin,student.fees.collection,model_student_fees_collection,pappaya_core.group_pappaya_school_level_fin_admin,1,1,1,0
access_student_fees_collection_group_pappaya_school_level_it_admin,student.fees.collection,model_student_fees_collection,pappaya_core.group_pappaya_school_level_it_admin,1,0,0,0
,,,,,,,
access_pappaya_fees_receipt_line_group_pappaya_national_level_officer,pappaya.fees.receipt.line,model_pappaya_fees_receipt_line,pappaya_core.group_pappaya_national_level_officer,1,1,1,0
access_pappaya_fees_receipt_line_group_pappaya_national_level_fin_admin,pappaya.fees.receipt.line,model_pappaya_fees_receipt_line,pappaya_core.group_pappaya_national_level_fin_admin,1,1,1,0
access_pappaya_fees_receipt_line_group_pappaya_national_level_it_admin,pappaya.fees.receipt.line,model_pappaya_fees_receipt_line,pappaya_core.group_pappaya_national_level_it_admin,1,1,1,0
access_pappaya_fees_receipt_line_group_pappaya_state_level_officer,pappaya.fees.receipt.line,model_pappaya_fees_receipt_line,pappaya_core.group_pappaya_state_level_officer,1,1,1,0
access_pappaya_fees_receipt_line_group_pappaya_state_level_fin_admin,pappaya.fees.receipt.line,model_pappaya_fees_receipt_line,pappaya_core.group_pappaya_state_level_fin_admin,1,1,1,0
access_pappaya_fees_receipt_line_group_pappaya_state_level_it_admin,pappaya.fees.receipt.line,model_pappaya_fees_receipt_line,pappaya_core.group_pappaya_state_level_it_admin,1,0,0,0
access_pappaya_fees_receipt_line_group_pappaya_school_level_officer,pappaya.fees.receipt.line,model_pappaya_fees_receipt_line,pappaya_core.group_pappaya_school_level_officer,1,1,1,0
access_pappaya_fees_receipt_line_group_pappaya_school_level_fin_admin,pappaya.fees.receipt.line,model_pappaya_fees_receipt_line,pappaya_core.group_pappaya_school_level_fin_admin,1,1,1,0
access_pappaya_fees_receipt_line_group_pappaya_school_level_it_admin,pappaya.fees.receipt.line,model_pappaya_fees_receipt_line,pappaya_core.group_pappaya_school_level_it_admin,1,0,0,0
,,,,,,,
access_pappaya_fees_receipt_group_pappaya_national_level_officer,pappaya.fees.receipt,model_pappaya_fees_receipt,pappaya_core.group_pappaya_national_level_officer,1,1,0,0
access_pappaya_fees_receipt_group_pappaya_national_level_fin_admin,pappaya.fees.receipt,model_pappaya_fees_receipt,pappaya_core.group_pappaya_national_level_fin_admin,1,1,1,0
access_pappaya_fees_receipt_group_pappaya_national_level_it_admin,pappaya.fees.receipt,model_pappaya_fees_receipt,pappaya_core.group_pappaya_national_level_it_admin,1,1,0,0
access_pappaya_fees_receipt_group_pappaya_state_level_officer,pappaya.fees.receipt,model_pappaya_fees_receipt,pappaya_core.group_pappaya_state_level_officer,1,1,0,0
access_pappaya_fees_receipt_group_pappaya_state_level_fin_admin,pappaya.fees.receipt,model_pappaya_fees_receipt,pappaya_core.group_pappaya_state_level_fin_admin,1,1,1,0
access_pappaya_fees_receipt_group_pappaya_state_level_it_admin,pappaya.fees.receipt,model_pappaya_fees_receipt,pappaya_core.group_pappaya_state_level_it_admin,1,0,0,0
access_pappaya_fees_receipt_group_pappaya_school_level_officer,pappaya.fees.receipt,model_pappaya_fees_receipt,pappaya_core.group_pappaya_school_level_officer,1,1,0,0
access_pappaya_fees_receipt_group_pappaya_school_level_fin_admin,pappaya.fees.receipt,model_pappaya_fees_receipt,pappaya_core.group_pappaya_school_level_fin_admin,1,1,0,0
access_pappaya_fees_receipt_group_pappaya_school_level_it_admin,pappaya.fees.receipt,model_pappaya_fees_receipt,pappaya_core.group_pappaya_school_level_it_admin,1,0,0,0
,,,,,,,
access_pappaya_fees_receipt_ledger_group_pappaya_national_level_officer,pappaya.fees.receipt.ledger,model_pappaya_fees_receipt_ledger,pappaya_core.group_pappaya_national_level_officer,1,1,1,0
access_pappaya_fees_receipt_ledger_group_pappaya_national_level_fin_admin,pappaya.fees.receipt.ledger,model_pappaya_fees_receipt_ledger,pappaya_core.group_pappaya_national_level_fin_admin,1,1,1,0
access_pappaya_fees_receipt_ledger_group_pappaya_national_level_it_admin,pappaya.fees.receipt.ledger,model_pappaya_fees_receipt_ledger,pappaya_core.group_pappaya_national_level_it_admin,1,1,1,0
access_pappaya_fees_receipt_ledger_group_pappaya_state_level_officer,pappaya.fees.receipt.ledger,model_pappaya_fees_receipt_ledger,pappaya_core.group_pappaya_state_level_officer,1,1,1,0
access_pappaya_fees_receipt_ledger_group_pappaya_state_level_fin_admin,pappaya.fees.receipt.ledger,model_pappaya_fees_receipt_ledger,pappaya_core.group_pappaya_state_level_fin_admin,1,1,1,0
access_pappaya_fees_receipt_ledger_group_pappaya_state_level_it_admin,pappaya.fees.receipt.ledger,model_pappaya_fees_receipt_ledger,pappaya_core.group_pappaya_state_level_it_admin,1,0,0,0
access_pappaya_fees_receipt_ledger_group_pappaya_school_level_officer,pappaya.fees.receipt.ledger,model_pappaya_fees_receipt_ledger,pappaya_core.group_pappaya_school_level_officer,1,1,1,0
access_pappaya_fees_receipt_ledger_group_pappaya_school_level_fin_admin,pappaya.fees.receipt.ledger,model_pappaya_fees_receipt_ledger,pappaya_core.group_pappaya_school_level_fin_admin,1,1,1,0
access_pappaya_fees_receipt_ledger_group_pappaya_school_level_it_admin,pappaya.fees.receipt.ledger,model_pappaya_fees_receipt_ledger,pappaya_core.group_pappaya_school_level_it_admin,1,0,0,0
,,,,,,,
access_pappaya_fees_ledger_line_group_pappaya_national_level_officer,pappaya.fees.ledger.line.national.level.officer,model_pappaya_fees_ledger_line,pappaya_core.group_pappaya_national_level_officer,1,1,1,0
access_pappaya_fees_ledger_line_group_pappaya_national_level_fin_admin,pappaya.fees.ledger.line.national.level.fin.admin,model_pappaya_fees_ledger_line,pappaya_core.group_pappaya_national_level_fin_admin,1,1,1,0
access_pappaya_fees_ledger_line_group_pappaya_national_level_it_admin,pappaya.fees.ledger.line.national.level.it.admin,model_pappaya_fees_ledger_line,pappaya_core.group_pappaya_national_level_it_admin,1,1,1,0
access_pappaya_fees_ledger_line_group_pappaya_state_level_officer,pappaya.fees.ledger.line.state.level.officer,model_pappaya_fees_ledger_line,pappaya_core.group_pappaya_state_level_officer,1,1,1,0
access_pappaya_fees_ledger_line_group_pappaya_state_level_fin_admin,pappaya.fees.ledger.line.state.level.fin.admin,model_pappaya_fees_ledger_line,pappaya_core.group_pappaya_state_level_fin_admin,1,1,1,0
access_pappaya_fees_ledger_line_group_pappaya_state_level_it_admin,pappaya.fees.ledger.line.state.level.it.admin,model_pappaya_fees_ledger_line,pappaya_core.group_pappaya_state_level_it_admin,1,0,0,0
access_pappaya_fees_ledger_line_group_pappaya_school_level_officer,pappaya.fees.ledger.line.school.level.officer,model_pappaya_fees_ledger_line,pappaya_core.group_pappaya_school_level_officer,1,1,1,0
access_pappaya_fees_ledger_line_group_pappaya_school_level_fin_admin,pappaya.fees.ledger.line.school.level.fin.admin,model_pappaya_fees_ledger_line,pappaya_core.group_pappaya_school_level_fin_admin,1,1,1,0
access_pappaya_fees_ledger_line_group_pappaya_school_level_it_admin,pappaya.fees.ledger.line.school.level.it.admin,model_pappaya_fees_ledger_line,pappaya_core.group_pappaya_school_level_it_admin,1,0,0,0
,,,,,,,
access_pappaya_fees_ledger_group_pappaya_national_level_officer,pappaya.fees.ledger,model_pappaya_fees_ledger,pappaya_core.group_pappaya_national_level_officer,1,1,1,0
access_pappaya_fees_ledger_group_pappaya_national_level_fin_admin,pappaya.fees.ledger,model_pappaya_fees_ledger,pappaya_core.group_pappaya_national_level_fin_admin,1,1,1,0
access_pappaya_fees_ledger_group_pappaya_national_level_it_admin,pappaya.fees.ledger,model_pappaya_fees_ledger,pappaya_core.group_pappaya_national_level_it_admin,1,1,1,0
access_pappaya_fees_ledger_group_pappaya_state_level_officer,pappaya.fees.ledger,model_pappaya_fees_ledger,pappaya_core.group_pappaya_state_level_officer,1,1,1,0
access_pappaya_fees_ledger_group_pappaya_state_level_fin_admin,pappaya.fees.ledger,model_pappaya_fees_ledger,pappaya_core.group_pappaya_state_level_fin_admin,1,1,1,0
access_pappaya_fees_ledger_group_pappaya_state_level_it_admin,pappaya.fees.ledger,model_pappaya_fees_ledger,pappaya_core.group_pappaya_state_level_it_admin,1,0,0,0
access_pappaya_fees_ledger_group_pappaya_school_level_officer,pappaya.fees.ledger,model_pappaya_fees_ledger,pappaya_core.group_pappaya_school_level_officer,1,1,1,0
access_pappaya_fees_ledger_group_pappaya_school_level_fin_admin,pappaya.fees.ledger,model_pappaya_fees_ledger,pappaya_core.group_pappaya_school_level_fin_admin,1,1,1,0
access_pappaya_fees_ledger_group_pappaya_school_level_it_admin,pappaya.fees.ledger,model_pappaya_fees_ledger,pappaya_core.group_pappaya_school_level_it_admin,1,0,0,0
,,,,,,,
access_pappaya_fees_term_line_group_pappaya_national_level_officer,pappaya.fees.term.line,model_pappaya_fees_term_line,pappaya_core.group_pappaya_national_level_officer,1,1,1,0
access_pappaya_fees_term_line_group_pappaya_national_level_fin_admin,pappaya.fees.term.line,model_pappaya_fees_term_line,pappaya_core.group_pappaya_national_level_fin_admin,1,1,1,1
access_pappaya_fees_term_line_group_pappaya_national_level_it_admin,pappaya.fees.term.line,model_pappaya_fees_term_line,pappaya_core.group_pappaya_national_level_it_admin,1,0,0,0
access_pappaya_fees_term_line_group_pappaya_state_level_officer,pappaya.fees.term.line,model_pappaya_fees_term_line,pappaya_core.group_pappaya_state_level_officer,1,0,0,0
access_pappaya_fees_term_line_group_pappaya_state_level_fin_admin,pappaya.fees.term.line,model_pappaya_fees_term_line,pappaya_core.group_pappaya_state_level_fin_admin,1,0,0,0
access_pappaya_fees_term_line_group_pappaya_state_level_it_admin,pappaya.fees.term.line,model_pappaya_fees_term_line,pappaya_core.group_pappaya_state_level_it_admin,1,0,0,0
access_pappaya_fees_term_line_group_pappaya_school_level_officer,pappaya.fees.term.line,model_pappaya_fees_term_line,pappaya_core.group_pappaya_school_level_officer,1,0,0,0
access_pappaya_fees_term_line_group_pappaya_school_level_fin_admin,pappaya.fees.term.line,model_pappaya_fees_term_line,pappaya_core.group_pappaya_school_level_fin_admin,1,0,0,0
access_pappaya_fees_term_line_group_pappaya_school_level_it_admin,pappaya.fees.term.line,model_pappaya_fees_term_line,pappaya_core.group_pappaya_school_level_it_admin,1,0,0,0
,,,,,,,
access_pappaya_fees_structure_group_pappaya_national_level_officer,pappaya.fees.structure,model_pappaya_fees_structure,pappaya_core.group_pappaya_national_level_officer,1,1,1,0
access_pappaya_fees_structure_group_pappaya_national_level_fin_admin,pappaya.fees.structure,model_pappaya_fees_structure,pappaya_core.group_pappaya_national_level_fin_admin,1,1,1,0
access_pappaya_fees_structure_group_pappaya_national_level_it_admin,pappaya.fees.structure,model_pappaya_fees_structure,pappaya_core.group_pappaya_national_level_it_admin,1,0,0,0
access_pappaya_fees_structure_group_pappaya_state_level_officer,pappaya.fees.structure,model_pappaya_fees_structure,pappaya_core.group_pappaya_state_level_officer,1,0,0,0
access_pappaya_fees_structure_group_pappaya_state_level_fin_admin,pappaya.fees.structure,model_pappaya_fees_structure,pappaya_core.group_pappaya_state_level_fin_admin,1,0,0,0
access_pappaya_fees_structure_group_pappaya_state_level_it_admin,pappaya.fees.structure,model_pappaya_fees_structure,pappaya_core.group_pappaya_state_level_it_admin,1,0,0,0
access_pappaya_fees_structure_group_pappaya_school_level_officer,pappaya.fees.structure,model_pappaya_fees_structure,pappaya_core.group_pappaya_school_level_officer,1,0,0,0
access_pappaya_fees_structure_group_pappaya_school_level_fin_admin,pappaya.fees.structure,model_pappaya_fees_structure,pappaya_core.group_pappaya_school_level_fin_admin,1,0,0,0
access_pappaya_fees_structure_group_pappaya_school_level_it_admin,pappaya.fees.structure,model_pappaya_fees_structure,pappaya_core.group_pappaya_school_level_it_admin,1,0,0,0
,,,,,,,
access_pappaya_term_divide_group_pappaya_national_level_officer,pappaya.term.divide,model_pappaya_term_divide,pappaya_core.group_pappaya_national_level_officer,1,1,1,1
access_pappaya_term_divide_group_pappaya_national_level_fin_admin,pappaya.term.divide,model_pappaya_term_divide,pappaya_core.group_pappaya_national_level_fin_admin,1,1,1,1
access_pappaya_term_divide_group_pappaya_national_level_it_admin,pappaya.term.divide,model_pappaya_term_divide,pappaya_core.group_pappaya_national_level_it_admin,1,0,0,0
access_pappaya_term_divide_group_pappaya_state_level_officer,pappaya.term.divide,model_pappaya_term_divide,pappaya_core.group_pappaya_state_level_officer,1,0,0,0
access_pappaya_term_divide_group_pappaya_state_level_fin_admin,pappaya.term.divide,model_pappaya_term_divide,pappaya_core.group_pappaya_state_level_fin_admin,1,0,0,0
access_pappaya_term_divide_group_pappaya_state_level_it_admin,pappaya.term.divide,model_pappaya_term_divide,pappaya_core.group_pappaya_state_level_it_admin,1,0,0,0
access_pappaya_term_divide_group_pappaya_school_level_officer,pappaya.term.divide,model_pappaya_term_divide,pappaya_core.group_pappaya_school_level_officer,1,0,0,0
access_pappaya_term_divide_group_pappaya_school_level_fin_admin,pappaya.term.divide,model_pappaya_term_divide,pappaya_core.group_pappaya_school_level_fin_admin,1,0,0,0
access_pappaya_term_divide_group_pappaya_school_level_it_admin,pappaya.term.divide,model_pappaya_term_divide,pappaya_core.group_pappaya_school_level_it_admin,1,0,0,0
,,,,,,,
access_pappaya_fees_term_group_pappaya_national_level_officer,pappaya.fees.term,model_pappaya_fees_term,pappaya_core.group_pappaya_national_level_officer,1,1,1,0
access_pappaya_fees_term_group_pappaya_national_level_fin_admin,pappaya.fees.term,model_pappaya_fees_term,pappaya_core.group_pappaya_national_level_fin_admin,1,1,1,0
access_pappaya_fees_term_group_pappaya_national_level_it_admin,pappaya.fees.term,model_pappaya_fees_term,pappaya_core.group_pappaya_national_level_it_admin,1,0,0,0
access_pappaya_fees_term_group_pappaya_state_level_officer,pappaya.fees.term,model_pappaya_fees_term,pappaya_core.group_pappaya_state_level_officer,1,0,0,0
access_pappaya_fees_term_group_pappaya_state_level_fin_admin,pappaya.fees.term,model_pappaya_fees_term,pappaya_core.group_pappaya_state_level_fin_admin,1,0,0,0
access_pappaya_fees_term_group_pappaya_state_level_it_admin,pappaya.fees.term,model_pappaya_fees_term,pappaya_core.group_pappaya_state_level_it_admin,1,0,0,0
access_pappaya_fees_term_group_pappaya_school_level_officer,pappaya.fees.term,model_pappaya_fees_term,pappaya_core.group_pappaya_school_level_officer,1,0,0,0
access_pappaya_fees_term_group_pappaya_school_level_fin_admin,pappaya.fees.term,model_pappaya_fees_term,pappaya_core.group_pappaya_school_level_fin_admin,1,0,0,0
access_pappaya_fees_term_group_pappaya_school_level_it_admin,pappaya.fees.term,model_pappaya_fees_term,pappaya_core.group_pappaya_school_level_it_admin,1,0,0,0
,,,,,,,
access_pappaya_fees_head_line_group_pappaya_national_level_officer,pappaya.fees.head.line,model_pappaya_fees_head_line,pappaya_core.group_pappaya_national_level_officer,1,1,1,0
access_pappaya_fees_head_line_group_pappaya_national_level_fin_admin,pappaya.fees.head.line,model_pappaya_fees_head_line,pappaya_core.group_pappaya_national_level_fin_admin,1,1,1,1
access_pappaya_fees_head_line_group_pappaya_national_level_it_admin,pappaya.fees.head.line,model_pappaya_fees_head_line,pappaya_core.group_pappaya_national_level_it_admin,1,0,0,0
access_pappaya_fees_head_line_group_pappaya_state_level_officer,pappaya.fees.head.line,model_pappaya_fees_head_line,pappaya_core.group_pappaya_state_level_officer,1,0,0,0
access_pappaya_fees_head_line_group_pappaya_state_level_fin_admin,pappaya.fees.head.line,model_pappaya_fees_head_line,pappaya_core.group_pappaya_state_level_fin_admin,1,0,0,0
access_pappaya_fees_head_line_group_pappaya_state_level_it_admin,pappaya.fees.head.line,model_pappaya_fees_head_line,pappaya_core.group_pappaya_state_level_it_admin,1,0,0,0
access_pappaya_fees_head_line_group_pappaya_school_level_officer,pappaya.fees.head.line,model_pappaya_fees_head_line,pappaya_core.group_pappaya_school_level_officer,1,0,0,0
access_pappaya_fees_head_line_group_pappaya_school_level_fin_admin,pappaya.fees.head.line,model_pappaya_fees_head_line,pappaya_core.group_pappaya_school_level_fin_admin,1,0,0,0
access_pappaya_fees_head_line_group_pappaya_school_level_it_admin,pappaya.fees.head.line,model_pappaya_fees_head_line,pappaya_core.group_pappaya_school_level_it_admin,1,0,0,0
,,,,,,,
access_pappaya_fees_head_group_pappaya_national_level_officer,pappaya.fees.head,model_pappaya_fees_head,pappaya_core.group_pappaya_national_level_officer,1,1,0,0
access_pappaya_fees_head_group_pappaya_national_level_fin_admin,pappaya.fees.head,model_pappaya_fees_head,pappaya_core.group_pappaya_national_level_fin_admin,1,1,0,0
access_pappaya_fees_head_group_pappaya_national_level_it_admin,pappaya.fees.head,model_pappaya_fees_head,pappaya_core.group_pappaya_national_level_it_admin,1,0,0,0
access_pappaya_fees_head_group_pappaya_state_level_officer,pappaya.fees.head,model_pappaya_fees_head,pappaya_core.group_pappaya_state_level_officer,1,0,0,0
access_pappaya_fees_head_group_pappaya_state_level_fin_admin,pappaya.fees.head,model_pappaya_fees_head,pappaya_core.group_pappaya_state_level_fin_admin,1,0,0,0
access_pappaya_fees_head_group_pappaya_state_level_it_admin,pappaya.fees.head,model_pappaya_fees_head,pappaya_core.group_pappaya_state_level_it_admin,1,0,0,0
access_pappaya_fees_head_group_pappaya_school_level_officer,pappaya.fees.head,model_pappaya_fees_head,pappaya_core.group_pappaya_school_level_officer,1,0,0,0
access_pappaya_fees_head_group_pappaya_school_level_fin_admin,pappaya.fees.head,model_pappaya_fees_head,pappaya_core.group_pappaya_school_level_fin_admin,1,0,0,0
access_pappaya_fees_head_group_pappaya_school_level_it_admin,pappaya.fees.head,model_pappaya_fees_head,pappaya_core.group_pappaya_school_level_it_admin,0,0,0,0
,,,,,,,
,,,,,,,
access_pappaya_concession_type_group_pappaya_national_level_officer,pappaya.concession.type,model_pappaya_concession_type,pappaya_core.group_pappaya_national_level_officer,1,1,0,0
access_pappaya_concession_type_group_pappaya_national_level_fin_admin,pappaya.concession.type,model_pappaya_concession_type,pappaya_core.group_pappaya_national_level_fin_admin,1,1,1,0
access_pappaya_concession_type_group_pappaya_national_level_it_admin,pappaya.concession.type,model_pappaya_concession_type,pappaya_core.group_pappaya_national_level_it_admin,1,0,0,0
access_pappaya_concession_type_group_pappaya_state_level_officer,pappaya.concession.type,model_pappaya_concession_type,pappaya_core.group_pappaya_state_level_officer,1,1,0,0
access_pappaya_concession_type_group_pappaya_state_level_fin_admin,pappaya.concession.type,model_pappaya_concession_type,pappaya_core.group_pappaya_state_level_fin_admin,1,1,0,0
access_pappaya_concession_type_group_pappaya_state_level_it_admin,pappaya.concession.type,model_pappaya_concession_type,pappaya_core.group_pappaya_state_level_it_admin,1,0,0,0
access_pappaya_concession_type_group_pappaya_school_level_officer,pappaya.concession.type,model_pappaya_concession_type,pappaya_core.group_pappaya_school_level_officer,1,1,0,0
access_pappaya_concession_type_group_pappaya_school_level_fin_admin,pappaya.concession.type,model_pappaya_concession_type,pappaya_core.group_pappaya_school_level_fin_admin,1,1,0,0
access_pappaya_concession_type_group_pappaya_school_level_it_admin,pappaya.concession.type,model_pappaya_concession_type,pappaya_core.group_pappaya_school_level_it_admin,1,0,0,0
,,,,,,,
access_pappaya_fees_concession_group_pappaya_national_level_officer,pappaya.fees.concession,model_pappaya_fees_concession,pappaya_core.group_pappaya_national_level_officer,1,1,1,0
access_pappaya_fees_concession_group_pappaya_national_level_fin_admin,pappaya.fees.concession,model_pappaya_fees_concession,pappaya_core.group_pappaya_national_level_fin_admin,1,1,1,0
access_pappaya_fees_concession_group_pappaya_national_level_it_admin,pappaya.fees.concession,model_pappaya_fees_concession,pappaya_core.group_pappaya_national_level_it_admin,1,0,0,0
access_pappaya_fees_concession_group_pappaya_state_level_officer,pappaya.fees.concession,model_pappaya_fees_concession,pappaya_core.group_pappaya_state_level_officer,1,1,1,0
access_pappaya_fees_concession_group_pappaya_state_level_fin_admin,pappaya.fees.concession,model_pappaya_fees_concession,pappaya_core.group_pappaya_state_level_fin_admin,1,1,1,0
access_pappaya_fees_concession_group_pappaya_state_level_it_admin,pappaya.fees.concession,model_pappaya_fees_concession,pappaya_core.group_pappaya_state_level_it_admin,1,0,0,0
access_pappaya_fees_concession_group_pappaya_school_level_officer,pappaya.fees.concession,model_pappaya_fees_concession,pappaya_core.group_pappaya_school_level_officer,1,1,1,0
access_pappaya_fees_concession_group_pappaya_school_level_fin_admin,pappaya.fees.concession,model_pappaya_fees_concession,pappaya_core.group_pappaya_school_level_fin_admin,1,1,1,0
access_pappaya_fees_concession_group_pappaya_school_level_it_admin,pappaya.fees.concession,model_pappaya_fees_concession,pappaya_core.group_pappaya_school_level_it_admin,1,0,0,0
,,,,,,,
access_concession_head_line_group_pappaya_national_level_officer,concession.head.line,model_concession_head_line,pappaya_core.group_pappaya_national_level_officer,1,1,1,0
access_concession_head_line_group_pappaya_national_level_fin_admin,concession.head.line,model_concession_head_line,pappaya_core.group_pappaya_national_level_fin_admin,1,1,1,0
access_concession_head_line_group_pappaya_national_level_it_admin,concession.head.line,model_concession_head_line,pappaya_core.group_pappaya_national_level_it_admin,1,0,0,0
access_concession_head_line_group_pappaya_state_level_officer,concession.head.line,model_concession_head_line,pappaya_core.group_pappaya_state_level_officer,1,1,1,0
access_concession_head_line_group_pappaya_state_level_fin_admin,concession.head.line,model_concession_head_line,pappaya_core.group_pappaya_state_level_fin_admin,1,1,1,0
access_concession_head_line_group_pappaya_state_level_it_admin,concession.head.line,model_concession_head_line,pappaya_core.group_pappaya_state_level_it_admin,1,0,0,0
access_concession_head_line_group_pappaya_school_level_officer,concession.head.line,model_concession_head_line,pappaya_core.group_pappaya_school_level_officer,1,1,1,0
access_concession_head_line_group_pappaya_school_level_fin_admin,concession.head.line,model_concession_head_line,pappaya_core.group_pappaya_school_level_fin_admin,1,1,1,0
access_concession_head_line_group_pappaya_school_level_it_admin,concession.head.line,model_concession_head_line,pappaya_core.group_pappaya_school_level_it_admin,1,0,0,0
,,,,,,,
access_pappaya_rte_reimbursment_group_pappaya_national_level_officer,pappaya.rte.reimbursment.national.level.officer,model_pappaya_rte_reimbursment,pappaya_core.group_pappaya_national_level_officer,1,1,1,0
access_pappaya_rte_reimbursment_group_pappaya_national_level_fin_admin,pappaya.rte.reimbursment.national.level.fin.admin,model_pappaya_rte_reimbursment,pappaya_core.group_pappaya_national_level_fin_admin,1,1,1,0
access_pappaya_rte_reimbursment_group_pappaya_national_level_it_admin,pappaya.rte.reimbursment.national.level.it.admin,model_pappaya_rte_reimbursment,pappaya_core.group_pappaya_national_level_it_admin,1,1,1,0
access_pappaya_rte_reimbursment_group_pappaya_state_level_officer,pappaya.rte.reimbursment.state.level.officer,model_pappaya_rte_reimbursment,pappaya_core.group_pappaya_state_level_officer,1,1,1,0
access_pappaya_rte_reimbursment_group_pappaya_state_level_fin_admin,pappaya.rte.reimbursment.state.level.fin.admin,model_pappaya_rte_reimbursment,pappaya_core.group_pappaya_state_level_fin_admin,1,1,1,0
access_pappaya_rte_reimbursment_group_pappaya_state_level_it_admin,pappaya.rte.reimbursment.state.level.it.admin,model_pappaya_rte_reimbursment,pappaya_core.group_pappaya_state_level_it_admin,1,0,0,0
access_pappaya_rte_reimbursment_group_pappaya_school_level_officer,pappaya.rte.reimbursment.school.level.officer,model_pappaya_rte_reimbursment,pappaya_core.group_pappaya_school_level_officer,1,1,1,0
access_pappaya_rte_reimbursment_group_pappaya_school_level_fin_admin,pappaya.rte.reimbursment.school.level.fin.admin,model_pappaya_rte_reimbursment,pappaya_core.group_pappaya_school_level_fin_admin,1,1,1,0
access_pappaya_rte_reimbursment_group_pappaya_school_level_it_admin,pappaya.rte.reimbursment.school.level.it.admin,model_pappaya_rte_reimbursment,pappaya_core.group_pappaya_school_level_it_admin,1,0,0,0
,,,,,,,
access_rte_fee_reimbursment_line_group_pappaya_national_level_officer,rte.fee.reimbursment.line.national.level.officer,model_rte_fee_reimbursment_line,pappaya_core.group_pappaya_national_level_officer,1,1,1,1
access_rte_fee_reimbursment_line_group_pappaya_national_level_fin_admin,rte.fee.reimbursment.line.national.level.fin.admin,model_rte_fee_reimbursment_line,pappaya_core.group_pappaya_national_level_fin_admin,1,1,1,1
access_rte_fee_reimbursment_line_group_pappaya_national_level_it_admin,rte.fee.reimbursment.line.national.level.it.admin,model_rte_fee_reimbursment_line,pappaya_core.group_pappaya_national_level_it_admin,1,1,1,1
access_rte_fee_reimbursment_line_group_pappaya_state_level_officer,rte.fee.reimbursment.line.state.level.officer,model_rte_fee_reimbursment_line,pappaya_core.group_pappaya_state_level_officer,1,1,1,1
access_rte_fee_reimbursment_line_group_pappaya_state_level_fin_admin,rte.fee.reimbursment.line.state.level.fin.admin,model_rte_fee_reimbursment_line,pappaya_core.group_pappaya_state_level_fin_admin,1,1,1,1
access_rte_fee_reimbursment_line_group_pappaya_state_level_it_admin,rte.fee.reimbursment.line.state.level.it.admin,model_rte_fee_reimbursment_line,pappaya_core.group_pappaya_state_level_it_admin,1,1,1,1
access_rte_fee_reimbursment_line_group_pappaya_school_level_officer,rte.fee.reimbursment.line.school.level.officer,model_rte_fee_reimbursment_line,pappaya_core.group_pappaya_school_level_officer,1,1,1,1
access_rte_fee_reimbursment_line_group_pappaya_school_level_fin_admin,rte.fee.reimbursment.line.school.level.fin.admin,model_rte_fee_reimbursment_line,pappaya_core.group_pappaya_school_level_fin_admin,1,1,1,1
access_rte_fee_reimbursment_line_group_pappaya_school_level_it_admin,rte.fee.reimbursment.line.school.level.it.admin,model_rte_fee_reimbursment_line,pappaya_core.group_pappaya_school_level_it_admin,1,1,1,1
,,,,,,,
access_bank_deposit_clearance_group_pappaya_national_level_officer,bank.deposit.clearance.national.level.officer,model_bank_deposit_clearance,pappaya_core.group_pappaya_national_level_officer,1,1,1,0
access_bank_deposit_clearance_group_pappaya_national_level_fin_admin,bank.deposit.clearance.national.level.fin.admin,model_bank_deposit_clearance,pappaya_core.group_pappaya_national_level_fin_admin,1,1,1,0
access_bank_deposit_clearance_group_pappaya_national_level_it_admin,bank.deposit.clearance.national.level.it.admin,model_bank_deposit_clearance,pappaya_core.group_pappaya_national_level_it_admin,0,0,0,0
access_bank_deposit_clearance_group_pappaya_state_level_officer,bank.deposit.clearance.state.level.officer,model_bank_deposit_clearance,pappaya_core.group_pappaya_state_level_officer,1,1,1,0
access_bank_deposit_clearance_group_pappaya_state_level_fin_admin,bank.deposit.clearance.state.level.fin.admin,model_bank_deposit_clearance,pappaya_core.group_pappaya_state_level_fin_admin,1,1,1,0
access_bank_deposit_clearance_group_pappaya_state_level_it_admin,bank.deposit.clearance.state.level.it.admin,model_bank_deposit_clearance,pappaya_core.group_pappaya_state_level_it_admin,0,0,0,0
access_bank_deposit_clearance_group_pappaya_school_level_officer,bank.deposit.clearance.school.level.officer,model_bank_deposit_clearance,pappaya_core.group_pappaya_school_level_officer,1,1,1,0
access_bank_deposit_clearance_group_pappaya_school_level_fin_admin,bank.deposit.clearance.school.level.fin.admin,model_bank_deposit_clearance,pappaya_core.group_pappaya_school_level_fin_admin,1,1,1,0
access_bank_deposit_clearance_group_pappaya_school_level_it_admin,bank.deposit.clearance.school.level.it.admin,model_bank_deposit_clearance,pappaya_core.group_pappaya_school_level_it_admin,0,0,0,0
,,,,,,,
access_bank_deposit_clearance_line_group_pappaya_national_level_officer,bank.deposit.clearance.line.national.level.officer,model_bank_deposit_clearance_line,pappaya_core.group_pappaya_national_level_officer,1,1,1,1
access_bank_deposit_clearance_line_group_pappaya_national_level_fin_admin,bank.deposit.clearance.line.national.level.fin.admin,model_bank_deposit_clearance_line,pappaya_core.group_pappaya_national_level_fin_admin,1,1,1,1
access_bank_deposit_clearance_line_group_pappaya_national_level_it_admin,bank.deposit.clearance.line.national.level.it.admin,model_bank_deposit_clearance_line,pappaya_core.group_pappaya_national_level_it_admin,0,0,0,0
access_bank_deposit_clearance_line_group_pappaya_state_level_officer,bank.deposit.clearance.line.state.level.officer,model_bank_deposit_clearance_line,pappaya_core.group_pappaya_state_level_officer,1,1,1,1
access_bank_deposit_clearance_line_group_pappaya_state_level_fin_admin,bank.deposit.clearance.line.state.level.fin.admin,model_bank_deposit_clearance_line,pappaya_core.group_pappaya_state_level_fin_admin,1,1,1,1
access_bank_deposit_clearance_line_group_pappaya_state_level_it_admin,bank.deposit.clearance.line.state.level.it.admin,model_bank_deposit_clearance_line,pappaya_core.group_pappaya_state_level_it_admin,0,0,0,0
access_bank_deposit_clearance_line_group_pappaya_school_level_officer,bank.deposit.clearance.line.school.level.officer,model_bank_deposit_clearance_line,pappaya_core.group_pappaya_school_level_officer,1,1,1,1
access_bank_deposit_clearance_line_group_pappaya_school_level_fin_admin,bank.deposit.clearance.line.school.level.fin.admin,model_bank_deposit_clearance_line,pappaya_core.group_pappaya_school_level_fin_admin,1,1,1,1
access_bank_deposit_clearance_line_group_pappaya_school_level_it_admin,bank.deposit.clearance.line.school.level.it.admin,model_bank_deposit_clearance_line,pappaya_core.group_pappaya_school_level_it_admin,0,0,0,0
,,,,,,,
access_payment_status_line_group_pappaya_national_level_officer,payment.status.line.national.level.officer,model_payment_status_line,pappaya_core.group_pappaya_national_level_officer,1,1,1,1
access_payment_status_line_group_pappaya_national_level_fin_admin,payment.status.line.national.level.fin.admin,model_payment_status_line,pappaya_core.group_pappaya_national_level_fin_admin,1,1,1,1
access_payment_status_line_group_pappaya_national_level_it_admin,payment.status.line.national.level.it.admin,model_payment_status_line,pappaya_core.group_pappaya_national_level_it_admin,0,0,0,0
access_payment_status_line_group_pappaya_state_level_officer,payment.status.line.state.level.officer,model_payment_status_line,pappaya_core.group_pappaya_state_level_officer,1,1,1,1
access_payment_status_line_group_pappaya_state_level_fin_admin,payment.status.line.state.level.fin.admin,model_payment_status_line,pappaya_core.group_pappaya_state_level_fin_admin,1,1,1,1
access_payment_status_line_group_pappaya_state_level_it_admin,payment.status.line.state.level.it.admin,model_payment_status_line,pappaya_core.group_pappaya_state_level_it_admin,0,0,0,0
access_payment_status_line_group_pappaya_school_level_officer,payment.status.line.school.level.officer,model_payment_status_line,pappaya_core.group_pappaya_school_level_officer,1,1,1,1
access_payment_status_line_group_pappaya_school_level_fin_admin,payment.status.line.school.level.fin.admin,model_payment_status_line,pappaya_core.group_pappaya_school_level_fin_admin,1,1,1,1
access_payment_status_line_group_pappaya_school_level_it_admin,payment.status.line.school.level.it.admin,model_payment_status_line,pappaya_core.group_pappaya_school_level_it_admin,0,0,0,0
,,,,,,,
access_bank_deposit_group_pappaya_national_level_officer,bank.deposit.national.level.officer,model_bank_deposit,pappaya_core.group_pappaya_national_level_officer,1,1,1,0
access_bank_deposit_group_pappaya_national_level_fin_admin,bank.deposit.national.level.fin.admin,model_bank_deposit,pappaya_core.group_pappaya_national_level_fin_admin,1,1,1,0
access_bank_deposit_group_pappaya_national_level_it_admin,bank.deposit.national.level.it.admin,model_bank_deposit,pappaya_core.group_pappaya_national_level_it_admin,0,0,0,0
access_bank_deposit_group_pappaya_state_level_officer,bank.deposit.state.level.officer,model_bank_deposit,pappaya_core.group_pappaya_state_level_officer,1,1,1,0
access_bank_deposit_group_pappaya_state_level_fin_admin,bank.deposit.state.level.fin.admin,model_bank_deposit,pappaya_core.group_pappaya_state_level_fin_admin,1,1,1,0
access_bank_deposit_group_pappaya_state_level_it_admin,bank.deposit.state.level.it.admin,model_bank_deposit,pappaya_core.group_pappaya_state_level_it_admin,0,0,0,0
access_bank_deposit_group_pappaya_school_level_officer,bank.deposit.school.level.officer,model_bank_deposit,pappaya_core.group_pappaya_school_level_officer,1,1,1,0
access_bank_deposit_group_pappaya_school_level_fin_admin,bank.deposit.school.level.fin.admin,model_bank_deposit,pappaya_core.group_pappaya_school_level_fin_admin,1,1,1,0
access_bank_deposit_group_pappaya_school_level_it_admin,bank.deposit.school.level.it.admin,model_bank_deposit,pappaya_core.group_pappaya_school_level_it_admin,0,0,0,0
,,,,,,,
access_bank_account_config_group_pappaya_national_level_officer,bank.account.config.national.level.officer,model_bank_account_config,pappaya_core.group_pappaya_national_level_officer,1,1,1,0
access_bank_account_config_group_pappaya_national_level_fin_admin,bank.account.config.national.level.fin.admin,model_bank_account_config,pappaya_core.group_pappaya_national_level_fin_admin,1,1,1,0
access_bank_account_config_group_pappaya_national_level_it_admin,bank.account.config.national.level.it.admin,model_bank_account_config,pappaya_core.group_pappaya_national_level_it_admin,0,0,0,0
access_bank_account_config_group_pappaya_state_level_officer,bank.account.config.state.level.officer,model_bank_account_config,pappaya_core.group_pappaya_state_level_officer,1,1,1,0
access_bank_account_config_group_pappaya_state_level_fin_admin,bank.account.config.state.level.fin.admin,model_bank_account_config,pappaya_core.group_pappaya_state_level_fin_admin,1,1,1,0
access_bank_account_config_group_pappaya_state_level_it_admin,bank.account.config.state.level.it.admin,model_bank_account_config,pappaya_core.group_pappaya_state_level_it_admin,0,0,0,0
access_bank_account_config_group_pappaya_school_level_officer,bank.account.config.school.level.officer,model_bank_account_config,pappaya_core.group_pappaya_school_level_officer,1,0,0,0
access_bank_account_config_group_pappaya_school_level_fin_admin,bank.account.config.school.level.fin.admin,model_bank_account_config,pappaya_core.group_pappaya_school_level_fin_admin,1,0,0,0
access_bank_account_config_group_pappaya_school_level_it_admin,bank.account.config.school.level.it.admin,model_bank_account_config,pappaya_core.group_pappaya_school_level_it_admin,0,0,0,0
,,,,,,,
access_bank_name_config_group_pappaya_national_level_officer,bank.name.config.national.level.officer,model_bank_name_config,pappaya_core.group_pappaya_national_level_officer,1,1,1,0
access_bank_name_config_group_pappaya_national_level_fin_admin,bank.name.config.national.level.fin.admin,model_bank_name_config,pappaya_core.group_pappaya_national_level_fin_admin,1,1,1,0
access_bank_name_config_group_pappaya_national_level_it_admin,bank.name.config.national.level.it.admin,model_bank_name_config,pappaya_core.group_pappaya_national_level_it_admin,0,0,0,0
access_bank_name_config_group_pappaya_state_level_officer,bank.name.config.state.level.officer,model_bank_name_config,pappaya_core.group_pappaya_state_level_officer,1,1,1,0
access_bank_name_config_group_pappaya_state_level_fin_admin,bank.name.config.state.level.fin.admin,model_bank_name_config,pappaya_core.group_pappaya_state_level_fin_admin,1,1,1,0
access_bank_name_config_group_pappaya_state_level_it_admin,bank.name.config.state.level.it.admin,model_bank_name_config,pappaya_core.group_pappaya_state_level_it_admin,0,0,0,0
access_bank_name_config_group_pappaya_school_level_officer,bank.name.config.school.level.officer,model_bank_name_config,pappaya_core.group_pappaya_school_level_officer,1,0,0,0
access_bank_name_config_group_pappaya_school_level_fin_admin,bank.name.config.school.level.fin.admin,model_bank_name_config,pappaya_core.group_pappaya_school_level_fin_admin,1,0,0,0
access_bank_name_config_group_pappaya_school_level_it_admin,bank.name.config.school.level.it.admin,model_bank_name_config,pappaya_core.group_pappaya_school_level_it_admin,0,0,0,0
,,,,,,,
access_pappaya_fees_collect_refund_group_pappaya_national_level_officer,pappaya_fees_collect_refund_national_level_officer,model_fees_collect_refund,pappaya_core.group_pappaya_national_level_officer,1,1,1,0
access_pappaya_fees_collect_refund_group_pappaya_national_level_fin_admin,pappaya_fees_collect_refund_national_level_fin_admin,model_fees_collect_refund,pappaya_core.group_pappaya_national_level_fin_admin,1,1,1,0
access_pappaya_fees_collect_refund_group_pappaya_national_level_it_admin,pappaya_fees_collect_refund_national_level_it_admin,model_fees_collect_refund,pappaya_core.group_pappaya_national_level_it_admin,1,0,0,0
access_pappaya_fees_collect_refund_group_pappaya_state_level_officer,pappaya_fees_collect_refund_state_level_officer,model_fees_collect_refund,pappaya_core.group_pappaya_state_level_officer,1,1,1,0
access_pappaya_fees_collect_refund_group_pappaya_state_level_fin_admin,pappaya_fees_collect_refund_state_level_fin_admin,model_fees_collect_refund,pappaya_core.group_pappaya_state_level_fin_admin,1,1,1,0
access_pappaya_fees_collect_refund_group_pappaya_state_level_it_admin,pappaya_fees_collect_refund_state_level_it_admin,model_fees_collect_refund,pappaya_core.group_pappaya_state_level_it_admin,1,0,0,0
access_pappaya_fees_collect_refund_group_pappaya_school_level_officer,pappaya_fees_collect_refund_school_level_officer,model_fees_collect_refund,pappaya_core.group_pappaya_school_level_officer,1,1,1,0
access_pappaya_fees_collect_refund_group_pappaya_school_level_fin_admin,pappaya_fees_collect_refund_school_level_fin_admin,model_fees_collect_refund,pappaya_core.group_pappaya_school_level_fin_admin,1,1,1,0
access_pappaya_fees_collect_refund_group_pappaya_school_level_it_admin,pappaya_fees_collect_refund_school_level_it_admin,model_fees_collect_refund,pappaya_core.group_pappaya_school_level_it_admin,1,0,0,0
,,,,,,,
access_pappaya_fees_receipt_refund_group_pappaya_national_level_officer,pappaya_fees_receipt_refund_national_level_officer,model_pappaya_fees_refund,pappaya_core.group_pappaya_national_level_officer,1,1,1,0
access_pappaya_fees_receipt_refund_group_pappaya_national_level_fin_admin,pappaya_fees_receipt_refund_national_level_fin_admin,model_pappaya_fees_refund,pappaya_core.group_pappaya_national_level_fin_admin,1,1,1,0
access_pappaya_fees_receipt_refund_group_pappaya_national_level_it_admin,pappaya_fees_receipt_refund_national_level_it_admin,model_pappaya_fees_refund,pappaya_core.group_pappaya_national_level_it_admin,1,0,0,0
access_pappaya_fees_receipt_refund_group_pappaya_state_level_officer,pappaya_fees_receipt_refund_state_level_officer,model_pappaya_fees_refund,pappaya_core.group_pappaya_state_level_officer,1,1,1,0
access_pappaya_fees_receipt_refund_group_pappaya_state_level_fin_admin,pappaya_fees_receipt_refund_state_level_fin_admin,model_pappaya_fees_refund,pappaya_core.group_pappaya_state_level_fin_admin,1,1,1,0
access_pappaya_fees_receipt_refund_group_pappaya_state_level_it_admin,pappaya_fees_receipt_refund_state_level_it_admin,model_pappaya_fees_refund,pappaya_core.group_pappaya_state_level_it_admin,1,0,0,0
access_pappaya_fees_receipt_refund_group_pappaya_school_level_officer,pappaya_fees_receipt_refund_school_level_officer,model_pappaya_fees_refund,pappaya_core.group_pappaya_school_level_officer,1,1,1,0
access_pappaya_fees_receipt_refund_group_pappaya_school_level_fin_admin,pappaya_fees_receipt_refund_school_level_fin_admin,model_pappaya_fees_refund,pappaya_core.group_pappaya_school_level_fin_admin,1,1,1,0
access_pappaya_fees_receipt_refund_group_pappaya_school_level_it_admin,pappaya_fees_receipt_refund_school_level_it_admin,model_pappaya_fees_refund,pappaya_core.group_pappaya_school_level_it_admin,1,0,0,0
,,,,,,,
access_pappaya_fees_receipt_refund_line_group_pappaya_national_level_officer,pappaya_fees_receipt_refund_line_national_level_officer,model_pappaya_fees_refund_line,pappaya_core.group_pappaya_national_level_officer,1,1,1,1
access_pappaya_fees_receipt_refund_line_group_pappaya_national_level_fin_admin,pappaya_fees_receipt_refund_line_national_level_fin_admin,model_pappaya_fees_refund_line,pappaya_core.group_pappaya_national_level_fin_admin,1,1,1,1
access_pappaya_fees_receipt_refund_line_group_pappaya_national_level_it_admin,pappaya_fees_receipt_refund_line_national_level_it_admin,model_pappaya_fees_refund_line,pappaya_core.group_pappaya_national_level_it_admin,1,1,1,1
access_pappaya_fees_receipt_refund_line_group_pappaya_state_level_officer,pappaya_fees_receipt_refund_line_state_level_officer,model_pappaya_fees_refund_line,pappaya_core.group_pappaya_state_level_officer,1,1,1,1
access_pappaya_fees_receipt_refund_line_group_pappaya_state_level_fin_admin,pappaya_fees_receipt_refund_line_state_level_fin_admin,model_pappaya_fees_refund_line,pappaya_core.group_pappaya_state_level_fin_admin,1,1,1,1
access_pappaya_fees_receipt_refund_line_group_pappaya_state_level_it_admin,pappaya_fees_receipt_refund_line_state_level_it_admin,model_pappaya_fees_refund_line,pappaya_core.group_pappaya_state_level_it_admin,1,1,1,1
access_pappaya_fees_receipt_refund_line_group_pappaya_school_level_officer,pappaya_fees_receipt_refund_line_school_level_officer,model_pappaya_fees_refund_line,pappaya_core.group_pappaya_school_level_officer,1,1,1,1
access_pappaya_fees_receipt_refund_line_group_pappaya_school_level_fin_admin,pappaya_fees_receipt_refund_line_school_level_fin_admin,model_pappaya_fees_refund_line,pappaya_core.group_pappaya_school_level_fin_admin,1,1,1,1
access_pappaya_fees_receipt_refund_line_group_pappaya_school_level_it_admin,pappaya_fees_receipt_refund_line_school_level_it_admin,model_pappaya_fees_refund_line,pappaya_core.group_pappaya_school_level_it_admin,1,1,1,1
,,,,,,,
access_pappaya_fees_receipt_refund_ledger_group_pappaya_national_level_officer,pappaya_fees_receipt_refund_ledger_national_level_officer,model_pappaya_fees_refund_ledger,pappaya_core.group_pappaya_national_level_officer,1,1,1,1
access_pappaya_fees_receipt_refund_ledger_group_pappaya_national_level_fin_admin,pappaya_fees_receipt_refund_ledger_national_level_fin_admin,model_pappaya_fees_refund_ledger,pappaya_core.group_pappaya_national_level_fin_admin,1,1,1,1
access_pappaya_fees_receipt_refund_ledger_group_pappaya_national_level_it_admin,pappaya_fees_receipt_refund_ledger_national_level_it_admin,model_pappaya_fees_refund_ledger,pappaya_core.group_pappaya_national_level_it_admin,1,1,1,1
access_pappaya_fees_receipt_refund_ledger_group_pappaya_state_level_officer,pappaya_fees_receipt_refund_ledger_state_level_officer,model_pappaya_fees_refund_ledger,pappaya_core.group_pappaya_state_level_officer,1,1,1,1
access_pappaya_fees_receipt_refund_ledger_group_pappaya_state_level_fin_admin,pappaya_fees_receipt_refund_ledger_state_level_fin_admin,model_pappaya_fees_refund_ledger,pappaya_core.group_pappaya_state_level_fin_admin,1,1,1,1
access_pappaya_fees_receipt_refund_ledger_group_pappaya_state_level_it_admin,pappaya_fees_receipt_refund_ledger_state_level_it_admin,model_pappaya_fees_refund_ledger,pappaya_core.group_pappaya_state_level_it_admin,1,1,1,1
access_pappaya_fees_receipt_refund_ledger_group_pappaya_school_level_officer,pappaya_fees_receipt_refund_ledger_school_level_officer,model_pappaya_fees_refund_ledger,pappaya_core.group_pappaya_school_level_officer,1,1,1,1
access_pappaya_fees_receipt_refund_ledger_group_pappaya_school_level_fin_admin,pappaya_fees_receipt_refund_ledger_school_level_fin_admin,model_pappaya_fees_refund_ledger,pappaya_core.group_pappaya_school_level_fin_admin,1,1,1,1
access_pappaya_fees_receipt_refund_ledger_group_pappaya_school_level_it_admin,pappaya_fees_receipt_refund_ledger_school_level_it_admin,model_pappaya_fees_refund_ledger,pappaya_core.group_pappaya_school_level_it_admin,1,1,1,1
,,,,,,,
access_rte_fee_received_amount_group_pappaya_national_level_officer,rte.received.amount.national.level.officer,model_rte_received_amount,pappaya_core.group_pappaya_national_level_officer,1,1,1,1
access_rte_fee_received_amount_group_pappaya_national_level_fin_admin,rte.received.amount.national.level.fin.admin,model_rte_received_amount,pappaya_core.group_pappaya_national_level_fin_admin,1,1,1,1
access_rte_fee_received_amount_group_pappaya_national_level_it_admin,rte.received.amount.national.level.it.admin,model_rte_received_amount,pappaya_core.group_pappaya_national_level_it_admin,1,1,1,1
access_rte_fee_received_amount_group_pappaya_state_level_officer,rte.received.amount.state.level.officer,model_rte_received_amount,pappaya_core.group_pappaya_state_level_officer,1,1,1,1
access_rte_fee_received_amount_group_pappaya_state_level_fin_admin,rte.received.amount.state.level.fin.admin,model_rte_received_amount,pappaya_core.group_pappaya_state_level_fin_admin,1,1,1,1
access_rte_fee_received_amount_group_pappaya_state_level_it_admin,rte.received.amount.state.level.it.admin,model_rte_received_amount,pappaya_core.group_pappaya_state_level_it_admin,1,1,1,1
access_rte_fee_received_amount_group_pappaya_school_level_officer,rte.received.amount.school.level.officer,model_rte_received_amount,pappaya_core.group_pappaya_school_level_officer,1,1,1,1
access_rte_fee_received_amount_group_pappaya_school_level_fin_admin,rte.received.amount.school.level.fin.admin,model_rte_received_amount,pappaya_core.group_pappaya_school_level_fin_admin,1,1,1,1
access_rte_fee_received_amount_group_pappaya_school_level_it_admin,rte.received.amount.school.level.it.admin,model_rte_received_amount,pappaya_core.group_pappaya_school_level_it_admin,1,1,1,1
,,,,,,,
access_pappaya_pos_structure_group_pappaya_national_level_officer,pappaya.pos.structure.national.level.officer,model_pappaya_pos_structure,pappaya_core.group_pappaya_national_level_officer,1,1,1,0
access_pappaya_pos_structure_group_pappaya_national_level_fin_admin,pappaya.pos.structure.national.level.fin.admin,model_pappaya_pos_structure,pappaya_core.group_pappaya_national_level_fin_admin,1,1,1,0
access_pappaya_pos_structure_group_pappaya_national_level_it_admin,pappaya.pos.structure.national.level.it.admin,model_pappaya_pos_structure,pappaya_core.group_pappaya_national_level_it_admin,1,1,1,0
access_pappaya_pos_structure_group_pappaya_state_level_officer,pappaya.pos.structure.state.level.officer,model_pappaya_pos_structure,pappaya_core.group_pappaya_state_level_officer,1,1,1,0
access_pappaya_pos_structure_group_pappaya_state_level_fin_admin,pappaya.pos.structure.state.level.fin.admin,model_pappaya_pos_structure,pappaya_core.group_pappaya_state_level_fin_admin,1,1,1,0
access_pappaya_pos_structure_group_pappaya_state_level_it_admin,pappaya.pos.structure.state.level.it.admin,model_pappaya_pos_structure,pappaya_core.group_pappaya_state_level_it_admin,1,1,1,0
access_pappaya_pos_structure_group_pappaya_school_level_officer,pappaya.pos.structure.school.level.officer,model_pappaya_pos_structure,pappaya_core.group_pappaya_school_level_officer,1,1,1,0
access_pappaya_pos_structure_group_pappaya_school_level_fin_admin,pappaya.pos.structure.school.level.fin.admin,model_pappaya_pos_structure,pappaya_core.group_pappaya_school_level_fin_admin,1,1,1,0
access_pappaya_pos_structure_group_pappaya_school_level_it_admin,pappaya.pos.structure.school.level.it.admin,model_pappaya_pos_structure,pappaya_core.group_pappaya_school_level_it_admin,1,1,1,0
,,,,,,,
access_pappaya_fees_receipt_pos_ledger_group_pappaya_national_level_officer,pappaya.fees.receipt.pos.ledger.national.level.officer,model_pappaya_fees_receipt_pos_ledger,pappaya_core.group_pappaya_national_level_officer,1,1,1,1
access_pappaya_fees_receipt_pos_ledger_group_pappaya_national_level_fin_admin,pappaya.fees.receipt.pos.ledger.national.level.fin.admin,model_pappaya_fees_receipt_pos_ledger,pappaya_core.group_pappaya_national_level_fin_admin,1,1,1,1
access_pappaya_fees_receipt_pos_ledger_group_pappaya_national_level_it_admin,pappaya.fees.receipt.pos.ledger.national.level.it.admin,model_pappaya_fees_receipt_pos_ledger,pappaya_core.group_pappaya_national_level_it_admin,1,1,1,1
access_pappaya_fees_receipt_pos_ledger_group_pappaya_state_level_officer,pappaya.fees.receipt.pos.ledger.state.level.officer,model_pappaya_fees_receipt_pos_ledger,pappaya_core.group_pappaya_state_level_officer,1,1,1,1
access_pappaya_fees_receipt_pos_ledger_group_pappaya_state_level_fin_admin,pappaya.fees.receipt.pos.ledger.state.level.fin.admin,model_pappaya_fees_receipt_pos_ledger,pappaya_core.group_pappaya_state_level_fin_admin,1,1,1,1
access_pappaya_fees_receipt_pos_ledger_group_pappaya_state_level_it_admin,pappaya.fees.receipt.pos.ledger.state.level.it.admin,model_pappaya_fees_receipt_pos_ledger,pappaya_core.group_pappaya_state_level_it_admin,1,1,1,1
access_pappaya_fees_receipt_pos_ledger_group_pappaya_school_level_officer,pappaya.fees.receipt.pos.ledger.school.level.officer,model_pappaya_fees_receipt_pos_ledger,pappaya_core.group_pappaya_school_level_officer,1,1,1,1
access_pappaya_fees_receipt_pos_ledger_group_pappaya_school_level_fin_admin,pappaya.fees.receipt.pos.ledger.school.level.fin.admin,model_pappaya_fees_receipt_pos_ledger,pappaya_core.group_pappaya_school_level_fin_admin,1,1,1,1
access_pappaya_fees_receipt_pos_ledger_group_pappaya_school_level_it_admin,pappaya.fees.receipt.pos.ledger.school.level.it.admin,model_pappaya_fees_receipt_pos_ledger,pappaya_core.group_pappaya_school_level_it_admin,1,1,1,1
,,,,,,,
access_pappaya_fees_collection_refund_line_group_pappaya_national_level_officer,pappaya_fees_collection_refund_line_national_level_officer,model_refund_fees_collection,pappaya_core.group_pappaya_national_level_officer,1,1,1,1
access_pappaya_fees_collection_refund_line_group_pappaya_national_level_fin_admin,pappaya_fees_collection_refund_line_national_level_fin_admin,model_refund_fees_collection,pappaya_core.group_pappaya_national_level_fin_admin,1,1,1,1
access_pappaya_fees_collection_refund_line_group_pappaya_national_level_it_admin,pappaya_fees_collection_refund_line_national_level_it_admin,model_refund_fees_collection,pappaya_core.group_pappaya_national_level_it_admin,1,1,1,1
access_pappaya_fees_collection_refund_line_group_pappaya_state_level_officer,pappaya_fees_collection_refund_line_state_level_officer,model_refund_fees_collection,pappaya_core.group_pappaya_state_level_officer,1,1,1,1
access_pappaya_fees_collection_refund_line_group_pappaya_state_level_fin_admin,pappaya_fees_collection_refund_line_state_level_fin_admin,model_refund_fees_collection,pappaya_core.group_pappaya_state_level_fin_admin,1,1,1,1
access_pappaya_fees_collection_refund_line_group_pappaya_state_level_it_admin,pappaya_fees_collection_refund_line_state_level_it_admin,model_refund_fees_collection,pappaya_core.group_pappaya_state_level_it_admin,1,1,1,1
access_pappaya_fees_collection_refund_line_group_pappaya_school_level_officer,pappaya_fees_collection_refund_line_school_level_officer,model_refund_fees_collection,pappaya_core.group_pappaya_school_level_officer,1,1,1,1
access_pappaya_fees_collection_refund_line_group_pappaya_school_level_fin_admin,pappaya_fees_collection_refund_line_school_level_fin_admin,model_refund_fees_collection,pappaya_core.group_pappaya_school_level_fin_admin,1,1,1,1
access_pappaya_fees_collection_refund_line_group_pappaya_school_level_it_admin,pappaya_fees_collection_refund_line_school_level_it_admin,model_refund_fees_collection,pappaya_core.group_pappaya_school_level_it_admin,1,1,1,1
,,,,,,,
,,,,,,,
access_pappaya_fees_cancel_ledgerr_group_pappaya_national_level_fin_admin,pappaya_fees_cancel_ledgerr_national_level_fin_admin,model_pappaya_fees_cancel_ledger,pappaya_core.group_pappaya_national_level_fin_admin,1,1,1,1
access_pappaya_fees_cancel_ledgerr_group_pappaya_national_level_it_admin,pappaya_fees_cancel_ledgerr_national_level_it_admin,model_pappaya_fees_cancel_ledger,pappaya_core.group_pappaya_national_level_it_admin,1,1,1,1
access_pappaya_fees_cancel_ledgerr_group_pappaya_state_level_officer,pappaya_fees_cancel_ledgerr_state_level_officer,model_pappaya_fees_cancel_ledger,pappaya_core.group_pappaya_state_level_officer,1,1,1,1
access_pappaya_fees_cancel_ledgerr_group_pappaya_state_level_fin_admin,pappaya_fees_cancel_ledgerr_state_level_fin_admin,model_pappaya_fees_cancel_ledger,pappaya_core.group_pappaya_state_level_fin_admin,1,1,1,1
access_pappaya_fees_cancel_ledgerr_group_pappaya_state_level_it_admin,pappaya_fees_cancel_ledgerr_state_level_it_admin,model_pappaya_fees_cancel_ledger,pappaya_core.group_pappaya_state_level_it_admin,1,1,1,1
access_pappaya_fees_cancel_ledgerr_group_pappaya_school_level_officer,pappaya_fees_cancel_ledgerr_school_level_officer,model_pappaya_fees_cancel_ledger,pappaya_core.group_pappaya_school_level_officer,1,1,1,1
access_pappaya_fees_cancel_ledgerr_group_pappaya_school_level_fin_admin,pappaya_fees_cancel_ledgerr_school_level_fin_admin,model_pappaya_fees_cancel_ledger,pappaya_core.group_pappaya_school_level_fin_admin,1,1,1,1
access_pappaya_fees_cancel_ledgerr_group_pappaya_school_level_it_admin,pappaya_fees_cancel_ledgerr_school_level_it_admin,model_pappaya_fees_cancel_ledger,pappaya_core.group_pappaya_school_level_it_admin,1,1,1,1
